column1,column2,column3,column4,column5
column1_1,column2_1,column3_1,column4_1,column5_1
column1_2,column2_2,column3_2,column4_2,column5_2
column1_3,column2_3,column3_3,column4_3,column5_3
column1_4,column2_4,column3_4,column4_4,column5_4
column1_5,column2_5,column3_5,column4_5,column5_5
column1_6,column2_6,column3_6,column4_6,column5_6
column1_7,column2_7,column3_7,column4_7,column5_7
column1_8,column2_8,column3_8,column4_8,column5_8
column1_9,column2_9,column3_9,column4_9,column5_9
column1_10,column2_10,column3_10,column4_10,column5_10
